image,x0,y0,z0,x1,y1,z1,x2,y2,z2,x3,y3,z3,x4,y4,z4,x5,y5,z5,x6,y6,z6,x7,y7,z7,x8,y8,z8,x9,y9,z9,x10,y10,z10,x11,y11,z11,x12,y12,z12,x13,y13,z13,x14,y14,z14,x15,y15,z15,x16,y16,z16,x17,y17,z17,x18,y18,z18,x19,y19,z19,x20,y20,z20,x21,y21,z21,x22,y22,z22,x23,y23,z23,x24,y24,z24,x25,y25,z25,x26,y26,z26,x27,y27,z27,x28,y28,z28,x29,y29,z29,x30,y30,z30,x31,y31,z31,x32,y32,z32
00000058.jpg,0.48733341693878174,0.2557416260242462,-0.22622530162334442,0.4928474724292755,0.24356797337532043,-0.23130208253860474,0.4952973425388336,0.2438570111989975,-0.2313375473022461,0.49798980355262756,0.2441701889038086,-0.23142053186893463,0.48779088258743286,0.24210414290428162,-0.21232149004936218,0.4865371286869049,0.241434246301651,-0.2123069167137146,0.48542144894599915,0.24085380136966705,-0.21231581270694733,0.5083451867103577,0.2510521709918976,-0.19722729921340942,0.490843802690506,0.24660152196884155,-0.10841615498065948,0.4925234913825989,0.2692214846611023,-0.20958273112773895,0.48707255721092224,0.26730138063430786,-0.1840970367193222,0.532868504524231,0.3158951997756958,-0.17457829415798187,0.4743797183036804,0.3103783130645752,0.0019207989098504186,0.5642778873443604,0.40387505292892456,-0.31170397996902466,0.4419037103652954,0.3760982155799866,0.025051593780517578,0.5435429811477661,0.37162330746650696,-0.4704974889755249,0.4013887643814087,0.409481406211853,-0.08090239018201828,0.5362075567245483,0.36212021112442017,-0.5097683668136597,0.391944944858551,0.41827207803726196,-0.09507153183221817,0.5335041284561157,0.3478759527206421,-0.49955135583877563,0.3937811553478241,0.4138546586036682,-0.1190185397863388,0.5338781476020813,0.3536108136177063,-0.46891090273857117,0.3980696499347687,0.4119148850440979,-0.09404297918081284,0.5036779642105103,0.49913427233695984,-0.06975962966680527,0.4728134274482727,0.49200439453125,0.06973331421613693,0.47235551476478577,0.6327314972877502,-0.14575569331645966,0.4494130313396454,0.6222411394119263,0.01709449104964733,0.5044413208961487,0.7596768140792847,-0.05106772482395172,0.4614964425563812,0.7551056742668152,0.13374993205070496,0.5171724557876587,0.7741049528121948,-0.04486405476927757,0.4704597592353821,0.7781373262405396,0.14019805192947388,0.47679150104522705,0.7959676384925842,-0.12129134684801102,0.4293746054172516,0.7816078662872314,0.06669510155916214
00000070.jpg,0.45364174246788025,0.446481317281723,-0.35938602685928345,0.4566377103328705,0.4353906810283661,-0.36848437786102295,0.4589769244194031,0.43426740169525146,-0.3684487044811249,0.4612707793712616,0.43300771713256836,-0.36851027607917786,0.45163270831108093,0.4343706965446472,-0.35806503891944885,0.4505808651447296,0.43312153220176697,-0.35816290974617004,0.4495559632778168,0.4318830072879791,-0.3581923544406891,0.46816304326057434,0.4248189926147461,-0.33131349086761475,0.4521028399467468,0.42360085248947144,-0.28265494108200073,0.4598042666912079,0.45020976662635803,-0.33795294165611267,0.4536549746990204,0.4485777020454407,-0.32421380281448364,0.4972485303878784,0.46093297004699707,-0.25117027759552,0.4410931468009949,0.4284902811050415,-0.1786162406206131,0.5099270343780518,0.5360123515129089,-0.22924961149692535,0.41204312443733215,0.47032561898231506,-0.17054201662540436,0.5017187595367432,0.6067131161689758,-0.26185518503189087,0.3849659860134125,0.5048925876617432,-0.28659960627555847,0.5018554329872131,0.6250578761100769,-0.27876123785972595,0.37524306774139404,0.5159592628479004,-0.3088774085044861,0.4959056079387665,0.6245561838150024,-0.3011523187160492,0.3792627155780792,0.5171651244163513,-0.3325343132019043,0.49457234144210815,0.6191030740737915,-0.27004775404930115,0.38281747698783875,0.5157010555267334,-0.2989092469215393,0.4644511044025421,0.5759983658790588,-0.03161361441016197,0.4355069100856781,0.5600162744522095,0.03177132084965706,0.42799484729766846,0.6635775566101074,-0.029782937839627266,0.40011247992515564,0.6556382179260254,0.010097543708980083,0.391579270362854,0.7682454586029053,0.07876313477754593,0.37083858251571655,0.7437736392021179,0.11599776893854141,0.39090868830680847,0.7839275598526001,0.08398633450269699,0.37094175815582275,0.7637882232666016,0.12191816419363022,0.36952680349349976,0.7996475696563721,-0.004421334248036146,0.35010650753974915,0.7801905870437622,0.04169904440641403
00000047.jpg,0.5547780990600586,0.33362045884132385,-0.059853170067071915,0.5565193891525269,0.3180764317512512,-0.07386936992406845,0.5584208369255066,0.3166598379611969,-0.07392576336860657,0.5606358051300049,0.31510409712791443,-0.07396284490823746,0.5536372661590576,0.3189455568790436,-0.04521213099360466,0.5533087253570557,0.31825220584869385,-0.045211970806121826,0.5530976057052612,0.31751158833503723,-0.04525422677397728,0.573360800743103,0.3091987669467926,-0.09727793186903,0.5643377900123596,0.3117961585521698,0.03284819424152374,0.5622822642326355,0.34249627590179443,-0.06555885821580887,0.5587210059165955,0.34420865774154663,-0.028047047555446625,0.6085296273231506,0.35684800148010254,-0.15299834311008453,0.5797937512397766,0.36132436990737915,0.13283959031105042,0.5863088965415955,0.458486944437027,-0.22775371372699738,0.5696103572845459,0.44310683012008667,0.22060523927211761,0.5181025862693787,0.44642260670661926,-0.240071639418602,0.5243214964866638,0.438101202249527,0.21468380093574524,0.5019819736480713,0.4481118321418762,-0.2670527994632721,0.5116342306137085,0.4312536120414734,0.2198317050933838,0.5036363005638123,0.4341112971305847,-0.25969547033309937,0.5101858377456665,0.42618247866630554,0.20067264139652252,0.5109001994132996,0.43358421325683594,-0.23567642271518707,0.5160659551620483,0.4294116795063019,0.20484420657157898,0.6332519054412842,0.5624719858169556,-0.08554307371377945,0.6017679572105408,0.5723240971565247,0.08567298203706741,0.5947715044021606,0.6657926440238953,-0.2667960524559021,0.5367612242698669,0.63188236951828,-0.0669465884566307,0.6372191905975342,0.7620065212249756,-0.11391131579875946,0.5721153020858765,0.7877205610275269,0.03119051270186901,0.6513977646827698,0.7701144218444824,-0.09806942194700241,0.5858230590820312,0.8066446185112,0.03849213197827339,0.6197758316993713,0.8026983141899109,-0.1363777071237564,0.5337632894515991,0.822731614112854,-0.013523755595088005
00000057.jpg,0.4976305067539215,0.2424992024898529,-0.22212687134742737,0.5034394860267639,0.22892385721206665,-0.22752396762371063,0.5063202381134033,0.22934886813163757,-0.22755996882915497,0.5095539689064026,0.22978946566581726,-0.2276231199502945,0.4976118206977844,0.22747734189033508,-0.20696941018104553,0.4961685240268707,0.2268887460231781,-0.20695127546787262,0.4948195517063141,0.2264128029346466,-0.20698264241218567,0.5200797319412231,0.23669129610061646,-0.19306793808937073,0.5003995895385742,0.2327163815498352,-0.09796985983848572,0.5030841827392578,0.2564266622066498,-0.20533396303653717,0.4971369802951813,0.2540116310119629,-0.17809297144412994,0.544099748134613,0.3060706853866577,-0.1720932573080063,0.48501136898994446,0.3027346730232239,0.019873900339007378,0.5714031457901001,0.39733660221099854,-0.320227712392807,0.4554217755794525,0.37743067741394043,0.06777138262987137,0.5440897345542908,0.3426872491836548,-0.4819936752319336,0.41549602150917053,0.4122673571109772,-0.018294839188456535,0.5399943590164185,0.312264084815979,-0.521476149559021,0.40652894973754883,0.42336979508399963,-0.027154285460710526,0.5408385992050171,0.2982427179813385,-0.5086326599121094,0.4085254669189453,0.41844314336776733,-0.0537816546857357,0.5402284860610962,0.30779215693473816,-0.4796634316444397,0.41251233220100403,0.41483116149902344,-0.03172396123409271,0.5164123773574829,0.49520400166511536,-0.06979105621576309,0.48400554060935974,0.4918268918991089,0.0697585865855217,0.4883648157119751,0.6278700828552246,-0.15209653973579407,0.46008265018463135,0.6269535422325134,0.0064610084518790245,0.520016610622406,0.7535783648490906,-0.039492733776569366,0.48327967524528503,0.7613872289657593,0.1247919425368309,0.5337347388267517,0.7761117219924927,-0.030962880700826645,0.49512508511543274,0.7857878804206848,0.1314517855644226,0.504331648349762,0.8140432834625244,-0.10210295766592026,0.44930893182754517,0.7925821542739868,0.056584689766168594
00000039.jpg,0.6148188710212708,0.35971391201019287,0.03229109197854996,0.6174671649932861,0.3435198962688446,0.028844710439443588,0.6205748319625854,0.3413856625556946,0.02880854159593582,0.6241976022720337,0.3386951684951782,0.028757672756910324,0.6119614839553833,0.34598907828330994,0.05465896800160408,0.6107161641120911,0.3460158407688141,0.05465354025363922,0.6095716953277588,0.3460261821746826,0.05464107170701027,0.6378906965255737,0.33127957582473755,0.04519842565059662,0.6191111207008362,0.34296706318855286,0.16228123009204865,0.624064564704895,0.36758068203926086,0.04016232118010521,0.6172508597373962,0.37130218744277954,0.07354369759559631,0.6748908758163452,0.3634640574455261,-0.016007402911782265,0.6323776245117188,0.41191786527633667,0.24092639982700348,0.6666424870491028,0.4636096954345703,-0.14226801693439484,0.6341264843940735,0.4979395568370819,0.17897817492485046,0.59658282995224,0.47415778040885925,-0.17694412171840668,0.6098136901855469,0.48666954040527344,0.0016675008228048682,0.5775443315505981,0.4872560203075409,-0.20302186906337738,0.6016544103622437,0.4878084659576416,-0.019708024337887764,0.5768728852272034,0.47943782806396484,-0.19651664793491364,0.6022244691848755,0.4764586389064789,-0.023497527465224266,0.5842586159706116,0.4745950698852539,-0.17193423211574554,0.6074650883674622,0.4763481318950653,-0.005865294951945543,0.7147888541221619,0.5805352330207825,-0.07084713131189346,0.6733289957046509,0.6077460050582886,0.07087231427431107,0.6942765712738037,0.6739258766174316,-0.3382161259651184,0.6177557110786438,0.644752025604248,-0.19097723066806793,0.7407459020614624,0.755088210105896,-0.3076610267162323,0.6640724539756775,0.7825398445129395,-0.2168499082326889,0.7533973455429077,0.7698215842247009,-0.30626535415649414,0.6807416081428528,0.7997528910636902,-0.2226187139749527,0.7356409430503845,0.7962382435798645,-0.37940433621406555,0.641541600227356,0.8478612899780273,-0.30216294527053833
00000069.jpg,0.4515002965927124,0.4328096807003021,-0.37573254108428955,0.45519521832466125,0.4192788600921631,-0.3784472644329071,0.4586138129234314,0.4170922338962555,-0.3783676326274872,0.46225228905677795,0.41488438844680786,-0.3784349262714386,0.4489709436893463,0.4216863811016083,-0.3698042333126068,0.44774001836776733,0.42143723368644714,-0.3699200451374054,0.4465424716472626,0.42107510566711426,-0.369994193315506,0.47065427899360657,0.41164591908454895,-0.3209163546562195,0.4487539827823639,0.4167161285877228,-0.28159627318382263,0.4584873616695404,0.43822258710861206,-0.34819045662879944,0.4518667459487915,0.4386666715145111,-0.33703282475471497,0.49389219284057617,0.46152833104133606,-0.23615707457065582,0.43803471326828003,0.4239688515663147,-0.18849556148052216,0.5056988000869751,0.5448698401451111,-0.20133738219738007,0.4083501994609833,0.4611353874206543,-0.23293901979923248,0.4950512945652008,0.6260347962379456,-0.20799745619297028,0.3783753216266632,0.4893334209918976,-0.3918203115463257,0.49531978368759155,0.6436001062393188,-0.22115901112556458,0.37023916840553284,0.4976123869419098,-0.42177799344062805,0.4901501536369324,0.6398608684539795,-0.2397889345884323,0.3725636303424835,0.4986622631549835,-0.4419126510620117,0.4892484247684479,0.6327449083328247,-0.21446622908115387,0.3761332631111145,0.4979693293571472,-0.4040449559688568,0.4670596122741699,0.5753830671310425,-0.02405684068799019,0.43764349818229675,0.5548181533813477,0.024110151454806328,0.4253690838813782,0.6692831516265869,-0.07057053595781326,0.4007451832294464,0.6531769037246704,-0.038200002163648605,0.3792058229446411,0.7617176175117493,0.028459863737225533,0.37245798110961914,0.7461513876914978,0.06233770772814751,0.37745681405067444,0.7749640941619873,0.032966334372758865,0.37397322058677673,0.7662712335586548,0.06886495649814606,0.3535010516643524,0.7938929796218872,-0.054113250225782394,0.3524627387523651,0.76860111951828,-0.01042529009282589
00000034.jpg,0.6446554064750671,0.3399355411529541,-0.3372606635093689,0.6478010416030884,0.3226928114891052,-0.33715471625328064,0.6513041257858276,0.31991633772850037,-0.33719661831855774,0.6550107598304749,0.3170009255409241,-0.3372727334499359,0.6404910683631897,0.32734817266464233,-0.31946051120758057,0.6384616494178772,0.3282011151313782,-0.319509893655777,0.6365032196044922,0.3290579915046692,-0.3195878565311432,0.6666586995124817,0.3109577000141144,-0.27551698684692383,0.640643835067749,0.3287595212459564,-0.1930762231349945,0.6533126831054688,0.3480512797832489,-0.3106391131877899,0.6451289057731628,0.35370826721191406,-0.28686949610710144,0.7073435187339783,0.3286699652671814,-0.24357907474040985,0.6453437805175781,0.39870619773864746,-0.0847330391407013,0.7209950685501099,0.4213494658470154,-0.3909164369106293,0.6440213322639465,0.5010482668876648,-0.07273946702480316,0.6787777543067932,0.4566704034805298,-0.5763756632804871,0.6293447017669678,0.5788462162017822,-0.19457973539829254,0.6703728437423706,0.47070804238319397,-0.6272388696670532,0.6235638856887817,0.6002588272094727,-0.22146780788898468,0.6640075445175171,0.45890238881111145,-0.6239505410194397,0.6244512796401978,0.5935467481613159,-0.24713076651096344,0.6662387847900391,0.4539949297904968,-0.5785732865333557,0.6272954344749451,0.5864999294281006,-0.20886996388435364,0.7427607774734497,0.5356284976005554,-0.04429713264107704,0.6981906890869141,0.5593143105506897,0.04442455619573593,0.733778178691864,0.6372455954551697,-0.3658422827720642,0.6577054262161255,0.6238295435905457,-0.2859693467617035,0.7862236499786377,0.7439800500869751,-0.19733275473117828,0.7075749635696411,0.7556717991828918,-0.10337049514055252,0.7959827780723572,0.7585706114768982,-0.18513242900371552,0.7217352390289307,0.7687305808067322,-0.08924420922994614,0.7941331267356873,0.7994002103805542,-0.3039652407169342,0.7047627568244934,0.8222959637641907,-0.1987854540348053
00000042.jpg,0.6065752506256104,0.3670007884502411,-0.02091742306947708,0.6080676317214966,0.34992796182632446,-0.034135602414608,0.6101899743080139,0.34826260805130005,-0.03418467938899994,0.6127030253410339,0.34629741311073303,-0.0342610739171505,0.604421079158783,0.3508846163749695,-0.004544409457594156,0.6037713289260864,0.35014018416404724,-0.004556005820631981,0.6032611727714539,0.349337637424469,-0.004582440946251154,0.6253440380096436,0.340747594833374,-0.05396858602762222,0.6143116354942322,0.34588947892189026,0.07892895489931107,0.615265429019928,0.3776125907897949,-0.025444578379392624,0.6112368106842041,0.37864649295806885,0.012653198093175888,0.6584542393684387,0.3869635760784149,-0.12379711121320724,0.6345131397247314,0.3976617753505707,0.1510729342699051,0.6327484846115112,0.47486087679862976,-0.199435755610466,0.6234428882598877,0.4300663471221924,0.14067880809307098,0.5612531900405884,0.47991716861724854,-0.13223986327648163,0.608368456363678,0.3649652302265167,0.07797031104564667,0.5472245812416077,0.48544883728027344,-0.14838461577892303,0.6044110059738159,0.3435179889202118,0.07447931170463562,0.5462782382965088,0.4766656458377838,-0.1360885053873062,0.6048354506492615,0.3436175286769867,0.0732828751206398,0.5528066158294678,0.47517552971839905,-0.12381605803966522,0.6081393957138062,0.3534691035747528,0.07386352121829987,0.6977961659431458,0.617256224155426,-0.07839091867208481,0.6711181402206421,0.6284165978431702,0.07853984087705612,0.6546772718429565,0.6904991865158081,-0.2539425790309906,0.5970249176025391,0.6551681160926819,-0.10329344868659973,0.7012954354286194,0.788188636302948,-0.09201151877641678,0.6403135657310486,0.7811782360076904,-0.04790663719177246,0.7148983478546143,0.7957984209060669,-0.0731063038110733,0.6544756293296814,0.79451584815979,-0.04209810867905617,0.6940037608146667,0.8436275720596313,-0.10227648168802261,0.63266521692276,0.8426603078842163,-0.08726855367422104
00000049.jpg,0.5357656478881836,0.2992035150527954,-1.7070928151952103e-05,0.5374364256858826,0.2848925292491913,-0.01357409730553627,0.5389237999916077,0.28408193588256836,-0.013581084087491035,0.540759801864624,0.2831053137779236,-0.013618814758956432,0.5354778170585632,0.28466445207595825,0.014590135775506496,0.5354423522949219,0.28367799520492554,0.01457449421286583,0.5355712175369263,0.28266870975494385,0.01453456748276949,0.5540800094604492,0.2785590589046478,-0.03951770067214966,0.5471452474594116,0.2791270315647125,0.0869198590517044,0.5420776605606079,0.3086085319519043,-0.007622660603374243,0.5394556522369385,0.3089301288127899,0.028579657897353172,0.5936729311943054,0.3218420147895813,-0.09975644201040268,0.5587792992591858,0.3378211259841919,0.1676083207130432,0.5868408679962158,0.4270245432853699,-0.12797856330871582,0.5509980916976929,0.42614656686782837,0.11172207444906235,0.5334426164627075,0.4278562664985657,-0.05079697445034981,0.51959228515625,0.41696566343307495,-0.06028909236192703,0.514957845211029,0.42618322372436523,-0.057841792702674866,0.5048699975013733,0.41519856452941895,-0.07749233394861221,0.5157265663146973,0.41259765625,-0.05272648483514786,0.5083825588226318,0.4066489338874817,-0.08258797228336334,0.5233973264694214,0.41192394495010376,-0.043647270649671555,0.515296995639801,0.40642550587654114,-0.06925135105848312,0.6074233651161194,0.5298087000846863,-0.08291461318731308,0.5778119564056396,0.5349041223526001,0.08281315863132477,0.5663518905639648,0.646501898765564,-0.21502767503261566,0.5163446664810181,0.6179109811782837,-0.06312333792448044,0.5962722301483154,0.7568845152854919,-0.12454833090305328,0.5439450740814209,0.779818058013916,-0.02462776191532612,0.6114773154258728,0.7746419906616211,-0.11593897640705109,0.5576590299606323,0.8057934045791626,-0.0246473029255867,0.5702678561210632,0.8133203983306885,-0.15966638922691345,0.5076001882553101,0.8232446908950806,-0.07808197289705276
00000055.jpg,0.5149865746498108,0.22723591327667236,-0.19504982233047485,0.5205515623092651,0.21306243538856506,-0.19911672174930573,0.5233861804008484,0.2130374014377594,-0.1991814523935318,0.5265513062477112,0.21304383873939514,-0.1992637664079666,0.5146098136901855,0.2125333547592163,-0.17917591333389282,0.5132635831832886,0.2120414674282074,-0.17915576696395874,0.5119507908821106,0.21160218119621277,-0.1792048066854477,0.5374497175216675,0.2184695601463318,-0.16265732049942017,0.5184690356254578,0.21534591913223267,-0.06979748606681824,0.5212069749832153,0.24018791317939758,-0.1777518093585968,0.5150296688079834,0.23837938904762268,-0.15117451548576355,0.561479389667511,0.2852821946144104,-0.15439289808273315,0.5055144429206848,0.2924143373966217,0.05060645192861557,0.585147500038147,0.39099353551864624,-0.2869460880756378,0.48287951946258545,0.38544976711273193,0.1059119775891304,0.5632452368736267,0.35160571336746216,-0.4422173500061035,0.4433015286922455,0.4353393614292145,0.024807926267385483,0.5574554204940796,0.3399648666381836,-0.4816758334636688,0.43446779251098633,0.4485095739364624,0.017093714326620102,0.556828498840332,0.3229154348373413,-0.47603386640548706,0.43391093611717224,0.4455002248287201,-0.014592343010008335,0.5569676756858826,0.3295326232910156,-0.44226697087287903,0.437733918428421,0.44191494584083557,0.009261652827262878,0.5424710512161255,0.4890793263912201,-0.07459616661071777,0.5097001194953918,0.4919033348560333,0.07460308074951172,0.5160884261131287,0.6253601908683777,-0.1717275083065033,0.48121097683906555,0.6223562955856323,-0.01636393368244171,0.5457038879394531,0.7705128192901611,-0.08239461481571198,0.5073361992835999,0.7701942920684814,0.0826667845249176,0.5645602345466614,0.7904968857765198,-0.0767366886138916,0.5180849432945251,0.7965714931488037,0.08754309266805649,0.5316309332847595,0.8135695457458496,-0.15397928655147552,0.46807605028152466,0.8051151037216187,0.013496884144842625
00000056.jpg,0.506279468536377,0.23444843292236328,-0.20612256228923798,0.5120428800582886,0.22091493010520935,-0.2098095417022705,0.5148054957389832,0.22108140587806702,-0.20986692607402802,0.5178951621055603,0.2212926745414734,-0.2099410891532898,0.506138801574707,0.21982532739639282,-0.19117511808872223,0.5047481060028076,0.2191700041294098,-0.1911495327949524,0.5033847093582153,0.21859335899353027,-0.19119276106357574,0.5285503268241882,0.22772419452667236,-0.16911005973815918,0.5099925398826599,0.22343653440475464,-0.08246466517448425,0.5118977427482605,0.24783173203468323,-0.1871071308851242,0.5058656930923462,0.24581988155841827,-0.16232092678546906,0.5520159006118774,0.2941007614135742,-0.1474558264017105,0.4939816892147064,0.2941233813762665,0.035956695675849915,0.5759473443031311,0.3913958966732025,-0.2834697365760803,0.46590790152549744,0.37957823276519775,0.08718083053827286,0.5635992288589478,0.3409227728843689,-0.4493168294429779,0.42662757635116577,0.42094558477401733,0.006522362120449543,0.5604926943778992,0.3235766291618347,-0.4872017204761505,0.41678619384765625,0.43317723274230957,-0.0007381260511465371,0.5608829259872437,0.30940723419189453,-0.48111405968666077,0.41707924008369446,0.43056535720825195,-0.028997326269745827,0.5592349171638489,0.3176589012145996,-0.4495030343532562,0.42139455676078796,0.4267285466194153,-0.007345087360590696,0.5280014276504517,0.4926670789718628,-0.06760275363922119,0.4948563873767853,0.49009495973587036,0.06760379672050476,0.5012230277061462,0.6288627982139587,-0.16149498522281647,0.469987690448761,0.626123309135437,0.011347555555403233,0.5346913933753967,0.7674814462661743,-0.07897378504276276,0.4963192343711853,0.7636711597442627,0.11743280291557312,0.5495995879173279,0.7855551242828369,-0.07428521662950516,0.5083197951316833,0.7881274819374084,0.12257269769906998,0.5144816637039185,0.8046501874923706,-0.15646858513355255,0.46137434244155884,0.7980656623840332,0.04680527001619339
00000050.jpg,0.5300014615058899,0.27590399980545044,-0.05067448318004608,0.5343424081802368,0.2606797218322754,-0.05811271443963051,0.5373892188072205,0.25955212116241455,-0.058195725083351135,0.5407567620277405,0.25822287797927856,-0.05828622728586197,0.5285278558731079,0.26175883412361145,-0.03407435864210129,0.5271503925323486,0.261640340089798,-0.03406800702214241,0.5258188843727112,0.2616276741027832,-0.034091874957084656,0.55281662940979,0.2588414251804352,-0.04997105896472931,0.5360584259033203,0.26435407996177673,0.06027597934007645,0.5383190512657166,0.2874353229999542,-0.0451238676905632,0.5323450565338135,0.29019731283187866,-0.013451728038489819,0.5863494277000427,0.2993611693382263,-0.08375256508588791,0.5471354126930237,0.3361072540283203,0.1545192301273346,0.5976048707962036,0.3884696662425995,-0.19359058141708374,0.554211437702179,0.424157977104187,0.16959331929683685,0.554819643497467,0.41520410776138306,-0.2791462242603302,0.5409297347068787,0.4489530920982361,0.052009180188179016,0.5465805530548096,0.4334820806980133,-0.31102511286735535,0.5346666574478149,0.4633638858795166,0.03614664077758789,0.5415513515472412,0.41923823952674866,-0.3117534816265106,0.535202145576477,0.4536653459072113,0.020761923864483833,0.5450947284698486,0.4094904661178589,-0.27909237146377563,0.5389131903648376,0.4473186731338501,0.040979038923978806,0.5954911708831787,0.5134175419807434,-0.07278569042682648,0.5632839798927307,0.5229256749153137,0.07286524772644043,0.5591583847999573,0.6326401829719543,-0.2618258595466614,0.5085359811782837,0.608990490436554,-0.11700987070798874,0.5861608386039734,0.7633589506149292,-0.2086443305015564,0.537323534488678,0.7813571095466614,-0.06941747665405273,0.597227156162262,0.7875370979309082,-0.20521517097949982,0.5526809096336365,0.8087694048881531,-0.06858466565608978,0.5680509209632874,0.8140982389450073,-0.2852090299129486,0.49468228220939636,0.8217719793319702,-0.14078201353549957
00000035.jpg,0.6388334631919861,0.33419427275657654,-0.09451480954885483,0.6416797637939453,0.3179222047328949,-0.0979708656668663,0.6451992392539978,0.3155911862850189,-0.09798328578472137,0.6491073369979858,0.31291279196739197,-0.09802588075399399,0.6335893869400024,0.32157933712005615,-0.0766906663775444,0.6312569379806519,0.3220776915550232,-0.07671327888965607,0.6290445327758789,0.3226144313812256,-0.07676316797733307,0.6606382131576538,0.3097756803035736,-0.06754200160503387,0.633422315120697,0.32461223006248474,0.02928898110985756,0.6483715772628784,0.34275877475738525,-0.08041003346443176,0.639796793460846,0.3476772606372833,-0.05268086493015289,0.6986871957778931,0.3365732431411743,-0.08398657292127609,0.6465358734130859,0.37566322088241577,0.1256209909915924,0.7021490931510925,0.4472419023513794,-0.11706917732954025,0.6465545892715454,0.4778636693954468,0.1112387627363205,0.6486717462539673,0.46914032101631165,-0.11175411194562912,0.6518439650535583,0.4615684747695923,-0.011373728513717651,0.636213481426239,0.48250603675842285,-0.1267511546611786,0.6521795988082886,0.4627484679222107,-0.027842776849865913,0.6352195739746094,0.46655142307281494,-0.12889564037322998,0.6502562761306763,0.45237240195274353,-0.032066430896520615,0.6401195526123047,0.46374568343162537,-0.1097710058093071,0.6532666683197021,0.4520866870880127,-0.016681380569934845,0.7309404015541077,0.5465183854103088,-0.06285088509321213,0.6904996633529663,0.5514605045318604,0.06292591243982315,0.6871463060379028,0.6147966384887695,-0.26307976245880127,0.62734454870224,0.5982587933540344,-0.1807074397802353,0.7244794368743896,0.7550250291824341,-0.16855110228061676,0.6853411793708801,0.7361384034156799,-0.1230379119515419,0.7359042763710022,0.7711647152900696,-0.16001032292842865,0.7046743035316467,0.7507762908935547,-0.11876914650201797,0.7173585891723633,0.8243780136108398,-0.23407752811908722,0.668814480304718,0.8079010844230652,-0.19324098527431488
00000063.jpg,0.4557652175426483,0.33878374099731445,-0.25619620084762573,0.46050965785980225,0.32689380645751953,-0.26210591197013855,0.46289870142936707,0.3266828656196594,-0.26215609908103943,0.4654819667339325,0.32652026414871216,-0.26227501034736633,0.4562104046344757,0.3260413706302643,-0.24635733664035797,0.4550819396972656,0.32508838176727295,-0.24638985097408295,0.4539247155189514,0.32412636280059814,-0.24639920890331268,0.4755028784275055,0.3286550045013428,-0.22837932407855988,0.4593512713909149,0.32354873418807983,-0.1554173082113266,0.460172563791275,0.34915053844451904,-0.23851528763771057,0.4549996554851532,0.3473615348339081,-0.21750058233737946,0.49998509883880615,0.39125168323516846,-0.1962454468011856,0.4452291429042816,0.36190927028656006,-0.057631589472293854,0.5245651602745056,0.4698912501335144,-0.27014219760894775,0.41039037704467773,0.4046434462070465,-0.06691648811101913,0.5023982524871826,0.5071552395820618,-0.3766501545906067,0.37250882387161255,0.4197137951850891,-0.21224847435951233,0.4952121078968048,0.519640326499939,-0.41341912746429443,0.3647494912147522,0.42735907435417175,-0.2400387078523636,0.4906614422798157,0.5109370350837708,-0.41650164127349854,0.3664587736129761,0.4267309904098511,-0.2591583728790283,0.49201956391334534,0.5050194263458252,-0.3796072006225586,0.37016743421554565,0.42565014958381653,-0.2251242995262146,0.46537652611732483,0.5434638261795044,-0.05122261121869087,0.43696677684783936,0.5300002098083496,0.05129396170377731,0.4232754111289978,0.6385260820388794,0.013679282739758492,0.40851491689682007,0.6251968741416931,0.06304554641246796,0.4180440902709961,0.7299737930297852,0.16610607504844666,0.40581172704696655,0.7248392105102539,0.20106521248817444,0.4235035181045532,0.7461956143379211,0.17833320796489716,0.4114609658718109,0.7398306131362915,0.21213273704051971,0.3889485001564026,0.7545360326766968,0.1140846237540245,0.37932661175727844,0.7466317415237427,0.14848703145980835
00000045.jpg,0.5794119238853455,0.3534453511238098,-0.05051352456212044,0.5803749561309814,0.3372061550617218,-0.06664571911096573,0.5818677544593811,0.33569371700286865,-0.06672847270965576,0.5835317969322205,0.33391907811164856,-0.06678827106952667,0.5782130360603333,0.3376038372516632,-0.03697613254189491,0.5779894590377808,0.336552232503891,-0.03697824478149414,0.5779055953025818,0.3352448046207428,-0.037013448774814606,0.5959622263908386,0.32730546593666077,-0.0964883342385292,0.5894184112548828,0.32905253767967224,0.037779707461595535,0.5867727994918823,0.36158835887908936,-0.05803690105676651,0.5841053128242493,0.3633926510810852,-0.019355248659849167,0.6274608373641968,0.3719269931316376,-0.15710392594337463,0.6074585318565369,0.38117191195487976,0.13953657448291779,0.6023539900779724,0.47007298469543457,-0.2272053360939026,0.6117416024208069,0.474483460187912,0.247314915060997,0.5326154232025146,0.4623575210571289,-0.21065308153629303,0.5879297852516174,0.4446774125099182,0.28280001878738403,0.5179083347320557,0.46484822034835815,-0.23519955575466156,0.5838883519172668,0.43117427825927734,0.29376518726348877,0.5181500911712646,0.45229220390319824,-0.2272673100233078,0.5814886689186096,0.4246981739997864,0.27874305844306946,0.5243755578994751,0.451724112033844,-0.20555923879146576,0.5832930207252502,0.4304123520851135,0.2761992812156677,0.6613714694976807,0.5930813550949097,-0.0878768265247345,0.6391591429710388,0.602508544921875,0.08814942836761475,0.6233021020889282,0.6712357401847839,-0.23905299603939056,0.5605080127716064,0.6421353816986084,-0.08223290741443634,0.6528121829032898,0.7507326006889343,-0.03844504803419113,0.5878451466560364,0.7957326173782349,-0.032489579170942307,0.6631140112876892,0.758633017539978,-0.016562731936573982,0.5996873378753662,0.8168988227844238,-0.02934996597468853,0.6461510062217712,0.7938719391822815,-0.04435063526034355,0.5463560819625854,0.842944860458374,-0.08364816009998322
00000066.jpg,0.45051512122154236,0.39292168617248535,-0.28265634179115295,0.45510151982307434,0.38041412830352783,-0.2873838245868683,0.45775946974754333,0.37965840101242065,-0.28735780715942383,0.46067169308662415,0.3789367377758026,-0.2874244153499603,0.4502546191215515,0.38083529472351074,-0.2741129696369171,0.449289470911026,0.38022059202194214,-0.2742007076740265,0.44828441739082336,0.379497230052948,-0.274252325296402,0.47098127007484436,0.3796629011631012,-0.24783127009868622,0.45320451259613037,0.3762734532356262,-0.18700313568115234,0.4563673436641693,0.4035641849040985,-0.2626208961009979,0.4498951733112335,0.40242671966552734,-0.24516163766384125,0.49466878175735474,0.44020384550094604,-0.1944476217031479,0.4392818212509155,0.4035481810569763,-0.10147232562303543,0.5140302181243896,0.521327018737793,-0.20120280981063843,0.4025682806968689,0.43801450729370117,-0.15348488092422485,0.49155381321907043,0.5760100483894348,-0.22246696054935455,0.3719693422317505,0.4486890733242035,-0.33556440472602844,0.4865671992301941,0.5992594361305237,-0.24028240144252777,0.3646475672721863,0.45528557896614075,-0.3679414391517639,0.4813627600669861,0.5873523950576782,-0.24845558404922485,0.36423128843307495,0.4582868218421936,-0.3843744397163391,0.4823678433895111,0.5792334079742432,-0.22461891174316406,0.3682065010070801,0.4572506546974182,-0.3474918305873871,0.45825687050819397,0.5766255855560303,-0.04010745510458946,0.4295881986618042,0.5604049563407898,0.040173813700675964,0.41484859585762024,0.663868248462677,-0.05692245066165924,0.40064284205436707,0.6405438780784607,-0.04440435394644737,0.38329026103019714,0.7438360452651978,0.03013964556157589,0.3846380412578583,0.7268956899642944,0.04535907506942749,0.3831884264945984,0.7620971202850342,0.034144021570682526,0.38920360803604126,0.7486100196838379,0.05130518227815628,0.3541775643825531,0.7574855089187622,-0.042138513177633286,0.35471972823143005,0.7584806084632874,-0.020407740026712418
00000048.jpg,0.5429709553718567,0.3170255422592163,-0.011966519989073277,0.5446881651878357,0.30234432220458984,-0.02763347513973713,0.5463672876358032,0.3014256954193115,-0.027663519605994225,0.548352837562561,0.30031052231788635,-0.02769394777715206,0.5421407222747803,0.30249491333961487,0.001180879189632833,0.5418543219566345,0.30173540115356445,0.0011738274479284883,0.5416887402534485,0.3009357154369354,0.001131070195697248,0.5614247918128967,0.29494112730026245,-0.059795524924993515,0.5528119802474976,0.2973889708518982,0.07030997425317764,0.549912691116333,0.3263445496559143,-0.021177606657147408,0.5473054051399231,0.32775890827178955,0.016212131828069687,0.6021705865859985,0.3347219228744507,-0.12197451293468475,0.5686191320419312,0.3439997434616089,0.1555953025817871,0.5864816904067993,0.4337615370750427,-0.20016615092754364,0.5628072023391724,0.4256000518798828,0.17867787182331085,0.5309152007102966,0.43923765420913696,-0.1974317878484726,0.5217909812927246,0.4230455756187439,0.10381008684635162,0.5097366571426392,0.4354872703552246,-0.21718403697013855,0.5076348185539246,0.41033875942230225,0.09989122301340103,0.5119022130966187,0.4225335717201233,-0.21173739433288574,0.506596565246582,0.4053348898887634,0.08767183870077133,0.5206276178359985,0.4217514395713806,-0.19272248446941376,0.5129870176315308,0.40765509009361267,0.09463754296302795,0.6186771392822266,0.5461891889572144,-0.08330338448286057,0.5892536044120789,0.5543524026870728,0.08328874409198761,0.5760751366615295,0.6521086096763611,-0.22485308349132538,0.524700403213501,0.6249681115150452,-0.05203483998775482,0.611886203289032,0.7548454999923706,-0.1059892326593399,0.5529772043228149,0.7778990864753723,0.001164800371043384,0.6259182691574097,0.771150529384613,-0.09383862465620041,0.568676233291626,0.8065004348754883,0.0034227168653160334,0.5908159017562866,0.7997833490371704,-0.13466507196426392,0.5137932300567627,0.8270049095153809,-0.04878804832696915
00000062.jpg,0.45799335837364197,0.3197193145751953,-0.22773389518260956,0.46323850750923157,0.3079177439212799,-0.2358388751745224,0.4654538333415985,0.30786198377609253,-0.23588916659355164,0.46792465448379517,0.3078138828277588,-0.23598822951316833,0.45891034603118896,0.30681514739990234,-0.21773992478847504,0.4579746127128601,0.3059518337249756,-0.21777717769145966,0.4570498764514923,0.3051261901855469,-0.21780410408973694,0.4782462418079376,0.3113355040550232,-0.21587349474430084,0.4624078869819641,0.3065629005432129,-0.13243265450000763,0.46276816725730896,0.33191391825675964,-0.2155536264181137,0.45757758617401123,0.3300306797027588,-0.19140249490737915,0.5027331113815308,0.37363243103027344,-0.19690316915512085,0.448623389005661,0.35279393196105957,-0.04090603440999985,0.5297569036483765,0.45280441641807556,-0.2709074020385742,0.4130745530128479,0.3957386910915375,-0.034748297184705734,0.5049262642860413,0.49613896012306213,-0.370212584733963,0.3734189569950104,0.41167616844177246,-0.15631608664989471,0.4970696270465851,0.5086764693260193,-0.40664803981781006,0.3638668656349182,0.4192236065864563,-0.17971067130565643,0.4929012358188629,0.4977021813392639,-0.40870362520217896,0.3648759126663208,0.4185216426849365,-0.2017502635717392,0.4944796562194824,0.49363160133361816,-0.3728576898574829,0.368809312582016,0.4173160791397095,-0.17013981938362122,0.4704783260822296,0.5326343178749084,-0.05637634918093681,0.4428898096084595,0.5207913517951965,0.056408677250146866,0.43007832765579224,0.6394803524017334,-0.023195533081889153,0.41414502263069153,0.6242063045501709,0.07200127094984055,0.42899784445762634,0.743169903755188,0.0999414250254631,0.4118843078613281,0.7251983880996704,0.21086673438549042,0.4348824918270111,0.7590205669403076,0.10929349809885025,0.4181232452392578,0.7451123595237732,0.22237549722194672,0.3987013101577759,0.7655246257781982,0.04328714311122894,0.38281428813934326,0.752400279045105,0.16650745272636414
00000054.jpg,0.5187714695930481,0.22335293889045715,-0.1610666960477829,0.5245772004127502,0.20981159806251526,-0.1683690845966339,0.5272499322891235,0.21008047461509705,-0.16844601929187775,0.530143141746521,0.21039503812789917,-0.16851356625556946,0.5190727114677429,0.208528071641922,-0.14431454241275787,0.5178554058074951,0.20799466967582703,-0.14429596066474915,0.5166991353034973,0.20759010314941406,-0.14434866607189178,0.541800320148468,0.21823528409004211,-0.14946044981479645,0.5236584544181824,0.214124858379364,-0.03888862580060959,0.5249565243721008,0.23771226406097412,-0.15064546465873718,0.5193647146224976,0.23599600791931152,-0.11886323243379593,0.5672971606254578,0.283058226108551,-0.15869832038879395,0.5176947116851807,0.2889423370361328,0.08113665878772736,0.5849825739860535,0.3857541084289551,-0.3299662470817566,0.4981459975242615,0.38504648208618164,0.15473304688930511,0.5733394026756287,0.30367547273635864,-0.48998892307281494,0.4624556601047516,0.4446027874946594,0.0928739458322525,0.5657029747962952,0.24872422218322754,-0.5322097539901733,0.45282459259033203,0.4596270024776459,0.0904085636138916,0.5683660507202148,0.2372317910194397,-0.5219475030899048,0.451901376247406,0.4577866196632385,0.058742836117744446,0.567353367805481,0.2497912347316742,-0.48985975980758667,0.45602357387542725,0.4531528353691101,0.07733602076768875,0.5474456548690796,0.491231232881546,-0.08523549884557724,0.5193025469779968,0.48946696519851685,0.08531149476766586,0.5263218879699707,0.6245608329772949,-0.15358291566371918,0.4936780333518982,0.6181125044822693,-0.016013706102967262,0.5626100301742554,0.7715389728546143,-0.09734123200178146,0.5206705331802368,0.7750744223594666,0.06470946222543716,0.574664831161499,0.7902787327766418,-0.09515311568975449,0.5360100269317627,0.79805588722229,0.0675879567861557,0.5407080054283142,0.8222956657409668,-0.17342917621135712,0.48469609022140503,0.8048086166381836,-0.0030912188813090324
00000072.jpg,0.4563320279121399,0.4467970132827759,-0.3778938949108124,0.4583870768547058,0.43637382984161377,-0.38441598415374756,0.46064022183418274,0.43509209156036377,-0.38436681032180786,0.46287643909454346,0.43363451957702637,-0.38442644476890564,0.4540786147117615,0.4373626112937927,-0.37431976199150085,0.45318883657455444,0.43697917461395264,-0.3744082450866699,0.4523226320743561,0.436511367559433,-0.37444016337394714,0.47089189291000366,0.42782896757125854,-0.34201493859291077,0.45647647976875305,0.4318966269493103,-0.2952866852283478,0.4629559814929962,0.4524228274822235,-0.35600152611732483,0.45768240094184875,0.45257607102394104,-0.34252166748046875,0.5013732314109802,0.4668980538845062,-0.2502859830856323,0.4444757401943207,0.44839322566986084,-0.2030101865530014,0.5170331001281738,0.5345865488052368,-0.22199447453022003,0.4180189371109009,0.4871331751346588,-0.20344211161136627,0.5115423798561096,0.6047618389129639,-0.24462009966373444,0.39829906821250916,0.5282182693481445,-0.3166472613811493,0.5115657448768616,0.6231882572174072,-0.25983473658561707,0.393497496843338,0.540401816368103,-0.3403521776199341,0.5057607293128967,0.6220676302909851,-0.27780598402023315,0.39700087904930115,0.5403980016708374,-0.36131200194358826,0.5051679611206055,0.6169056296348572,-0.2510778605937958,0.3994903266429901,0.5375621318817139,-0.3273658752441406,0.4722360074520111,0.5754354000091553,-0.018484702333807945,0.44352954626083374,0.5586307048797607,0.018555892631411552,0.4388517737388611,0.6616381406784058,-0.04386654868721962,0.41404634714126587,0.6414716243743896,0.014539571478962898,0.41038602590560913,0.7619806528091431,0.03276246041059494,0.3862301707267761,0.7081023454666138,0.15567807853221893,0.40496528148651123,0.7822650074958801,0.035294078290462494,0.3873199224472046,0.7204011082649231,0.16649498045444489,0.4018855690956116,0.7951123714447021,-0.04963783919811249,0.37112173438072205,0.7335453629493713,0.10200805962085724
00000040.jpg,0.6158071160316467,0.3686116635799408,-0.00987008772790432,0.6170007586479187,0.3504469394683838,-0.02558661624789238,0.6194478273391724,0.3487469553947449,-0.025621585547924042,0.622108519077301,0.3467104732990265,-0.025665001943707466,0.6131319403648376,0.351309210062027,0.004888878669589758,0.6124143004417419,0.35063600540161133,0.004885940812528133,0.61185622215271,0.3499301075935364,0.004882992710918188,0.634412944316864,0.3400120735168457,-0.049772437661886215,0.6216894388198853,0.3447693884372711,0.08692214637994766,0.6238325834274292,0.3776135742664337,-0.015498721972107887,0.6194379925727844,0.3799677789211273,0.023702451959252357,0.6689306497573853,0.37699273228645325,-0.12097801268100739,0.6396865248680115,0.3869331479072571,0.1756177544593811,0.6428468823432922,0.4679868817329407,-0.19402220845222473,0.6312233209609985,0.45265311002731323,0.1735352724790573,0.5760033130645752,0.4831521511077881,-0.13983459770679474,0.6125074625015259,0.41798335313796997,0.09733347594738007,0.5632498860359192,0.4899124801158905,-0.1554817110300064,0.607926607131958,0.40535956621170044,0.09722885489463806,0.5650487542152405,0.4816417694091797,-0.1498480588197708,0.6088597178459167,0.401247501373291,0.09465319663286209,0.5696958303451538,0.4800592064857483,-0.13319601118564606,0.6120656728744507,0.407230019569397,0.09279916435480118,0.7096368670463562,0.6054092049598694,-0.0931539237499237,0.6848130822181702,0.6139746308326721,0.09330900013446808,0.6273915767669678,0.6419438123703003,-0.2956683039665222,0.6110296845436096,0.6450960636138916,0.00266917422413826,0.6672571301460266,0.7929739952087402,-0.24784129858016968,0.6617749929428101,0.7723325490951538,-0.016273561865091324,0.6820946335792542,0.823735237121582,-0.24164117872714996,0.6790874600410461,0.7836050391197205,-0.019649727270007133,0.6240540742874146,0.834892988204956,-0.2889518737792969,0.6393974423408508,0.8096073269844055,-0.056549809873104095
00000065.jpg,0.4538845419883728,0.37777650356292725,-0.309097558259964,0.4591212570667267,0.3651214838027954,-0.3166366219520569,0.46154606342315674,0.3646763563156128,-0.31663647294044495,0.4642493426799774,0.3642822504043579,-0.31673961877822876,0.4549762010574341,0.36455827951431274,-0.30237632989883423,0.45423874258995056,0.36364737153053284,-0.30244210362434387,0.4534299969673157,0.3626062870025635,-0.3024648427963257,0.47351503372192383,0.3656039535999298,-0.2806714177131653,0.458846777677536,0.3609970808029175,-0.21430622041225433,0.45890742540359497,0.38803696632385254,-0.2892710864543915,0.4538218677043915,0.3854184150695801,-0.2701959013938904,0.4959864020347595,0.42318516969680786,-0.22844161093235016,0.4428446888923645,0.3908122777938843,-0.12253090739250183,0.5160918235778809,0.5023372173309326,-0.27614960074424744,0.4017399549484253,0.42672955989837646,-0.1772402822971344,0.495030015707016,0.5558436512947083,-0.3595512807369232,0.37390682101249695,0.43582695722579956,-0.36224254965782166,0.4924321174621582,0.5725553035736084,-0.39285141229629517,0.3660251498222351,0.44312071800231934,-0.3971426784992218,0.4865840971469879,0.5631093978881836,-0.40118682384490967,0.36919164657592773,0.4449921250343323,-0.41399553418159485,0.48685798048973083,0.5557051301002502,-0.3642660677433014,0.37290361523628235,0.44428449869155884,-0.3745589554309845,0.4579920768737793,0.570472776889801,-0.04369928315281868,0.4319774806499481,0.5556947588920593,0.04375912621617317,0.41661307215690613,0.6621231436729431,-0.01989193819463253,0.4057784080505371,0.6431995630264282,0.08845119178295135,0.3877154290676117,0.7537373900413513,0.10198669135570526,0.38723596930503845,0.7283543944358826,0.22769227623939514,0.38827192783355713,0.7743235230445862,0.10970661789178848,0.385482519865036,0.7484853267669678,0.23932361602783203,0.3532756268978119,0.7675224542617798,0.03233614191412926,0.358525812625885,0.7585850954055786,0.1746363490819931
00000059.jpg,0.4778600037097931,0.2702341675758362,-0.2519783675670624,0.4834883511066437,0.25719234347343445,-0.25800490379333496,0.48588597774505615,0.25761619210243225,-0.2580375373363495,0.48851776123046875,0.25806161761283875,-0.2581345736980438,0.4786737263202667,0.25536859035491943,-0.23916344344615936,0.47763219475746155,0.25455784797668457,-0.2391628921031952,0.476622998714447,0.2537718713283539,-0.23917792737483978,0.49892956018447876,0.26448342204093933,-0.22744955122470856,0.4834810495376587,0.2579270005226135,-0.13884836435317993,0.48289716243743896,0.28314918279647827,-0.23616869747638702,0.477892130613327,0.2809768319129944,-0.21070048213005066,0.5237538814544678,0.3334731459617615,-0.2009967714548111,0.4661979377269745,0.31905341148376465,-0.027106812223792076,0.5544012784957886,0.42101338505744934,-0.333448201417923,0.43099868297576904,0.3777955174446106,0.025026390329003334,0.5282853245735168,0.3865567445755005,-0.4860130548477173,0.3897631764411926,0.4068062901496887,-0.040344517678022385,0.5197439789772034,0.37655526399612427,-0.5245541334152222,0.3796869218349457,0.41577887535095215,-0.048521798104047775,0.5173289775848389,0.3610767722129822,-0.5130107402801514,0.3817483186721802,0.4125068187713623,-0.07376395910978317,0.518186092376709,0.3667318820953369,-0.4837172329425812,0.3859245479106903,0.41130170226097107,-0.052882757037878036,0.4928562045097351,0.5058271288871765,-0.06741759181022644,0.4620557129383087,0.4965485632419586,0.06740627437829971,0.4569835662841797,0.6298277378082275,-0.13264508545398712,0.4360567629337311,0.6208705902099609,0.03383353725075722,0.48118412494659424,0.7372111678123474,-0.024081462994217873,0.4457847774028778,0.7344886660575867,0.1750715672969818,0.49109137058258057,0.756145715713501,-0.016309576109051704,0.45297449827194214,0.7563085556030273,0.18490268290042877,0.45425277948379517,0.7981408834457397,-0.09129795432090759,0.41578447818756104,0.7661430835723877,0.11668724566698074
00000043.jpg,0.597133994102478,0.36382660269737244,-0.04604654386639595,0.5990820527076721,0.34596940875053406,-0.06231972202658653,0.6010726690292358,0.34408333897590637,-0.062366798520088196,0.6034076809883118,0.34190624952316284,-0.062433261424303055,0.5960088968276978,0.34708598256111145,-0.030841555446386337,0.5956676602363586,0.3461574912071228,-0.030840281397104263,0.5954911112785339,0.3450475037097931,-0.030865846201777458,0.617255449295044,0.33583149313926697,-0.08870739489793777,0.6080559492111206,0.34010404348373413,0.05257738381624222,0.6060541868209839,0.3739088773727417,-0.052669182419776917,0.6029052734375,0.3755177855491638,-0.011961420997977257,0.6501232981681824,0.3857879638671875,-0.1524507999420166,0.6255980134010315,0.40038353204727173,0.14943432807922363,0.6240667700767517,0.47606414556503296,-0.22326794266700745,0.6066502332687378,0.48179593682289124,0.14421211183071136,0.5500297546386719,0.4747523069381714,-0.18878073990345,0.5625656247138977,0.4691455364227295,0.015732061117887497,0.5348172783851624,0.47755128145217896,-0.21166466176509857,0.5530335903167725,0.45501405000686646,0.005566707346588373,0.5344948172569275,0.46753835678100586,-0.20334063470363617,0.5555151700973511,0.4472397267818451,-0.006692508701235056,0.5413473844528198,0.46723195910453796,-0.18233010172843933,0.5639415383338928,0.4643465578556061,0.005300300661474466,0.6891111731529236,0.6067030429840088,-0.08637373894453049,0.659669041633606,0.6223294734954834,0.0865165963768959,0.6580461859703064,0.7005572319030762,-0.29552844166755676,0.5868762135505676,0.6546253561973572,-0.0987885370850563,0.7024281024932861,0.7967085838317871,-0.16372480988502502,0.6078778505325317,0.8205892443656921,-0.04464373737573624,0.7153652310371399,0.807679295539856,-0.14904524385929108,0.6243590116500854,0.8441576957702637,-0.040164511650800705,0.6980175375938416,0.8422957062721252,-0.18352843821048737,0.5754206776618958,0.8862597942352295,-0.08583458513021469
00000041.jpg,0.6076047420501709,0.36737191677093506,-0.02150128223001957,0.6103342771530151,0.34875327348709106,-0.03150671720504761,0.6128723621368408,0.34673094749450684,-0.03155077248811722,0.6159275770187378,0.34434908628463745,-0.03162907809019089,0.6056841611862183,0.3509103059768677,-0.002122860634699464,0.6047191023826599,0.3506874740123749,-0.002129421103745699,0.603892982006073,0.3503517508506775,-0.0021605128422379494,0.6300060749053955,0.3394727408885956,-0.034869011491537094,0.6150557398796082,0.34570884704589844,0.09807455539703369,0.6164337992668152,0.377474308013916,-0.019447429105639458,0.6106355786323547,0.37870103120803833,0.01854838617146015,0.6651272177696228,0.38022154569625854,-0.0950976237654686,0.6276184916496277,0.41495662927627563,0.179059699177742,0.6410055756568909,0.4704790711402893,-0.19082579016685486,0.62164705991745,0.49726077914237976,0.14056812226772308,0.5663703680038452,0.48099762201309204,-0.18100732564926147,0.5936204195022583,0.46633225679397583,-9.383563156006858e-05,0.5516654849052429,0.48732978105545044,-0.20192620158195496,0.5851657390594482,0.45788681507110596,-0.013106659054756165,0.5501241087913513,0.4800247251987457,-0.19031070172786713,0.5879184007644653,0.4640616774559021,-0.017505841329693794,0.5573291778564453,0.4784969687461853,-0.17315222322940826,0.5890157222747803,0.4681340456008911,-0.007923516444861889,0.7063450217247009,0.6110296249389648,-0.06786467880010605,0.667494535446167,0.6343634128570557,0.06791262328624725,0.6859928369522095,0.6826499104499817,-0.39765384793281555,0.6040278077125549,0.6480437517166138,-0.1899457424879074,0.728764533996582,0.7555796504020691,-0.19760115444660187,0.6622857451438904,0.770219624042511,-0.08949410915374756,0.7390249371528625,0.7600791454315186,-0.1762123554944992,0.6806992292404175,0.7824739813804626,-0.07974430918693542,0.7248911261558533,0.8092809915542603,-0.23381131887435913,0.650324285030365,0.8373121619224548,-0.14170780777931213
00000064.jpg,0.45418739318847656,0.35408690571784973,-0.32123395800590515,0.4594368040561676,0.3412635624408722,-0.3287351727485657,0.46201857924461365,0.3411211669445038,-0.32874584197998047,0.4648497700691223,0.3409501314163208,-0.3288554549217224,0.4549250602722168,0.3400692939758301,-0.3125446140766144,0.4539370536804199,0.3391273617744446,-0.31261351704597473,0.45290958881378174,0.3382608890533447,-0.31261777877807617,0.4749964773654938,0.3448549509048462,-0.29692986607551575,0.45843374729156494,0.3392944931983948,-0.22150735557079315,0.4591169059276581,0.36600446701049805,-0.30364885926246643,0.4543919265270233,0.36354902386665344,-0.2819407880306244,0.4995201826095581,0.41045212745666504,-0.2507422864437103,0.4434868395328522,0.3796113133430481,-0.130521759390831,0.5213253498077393,0.49117305874824524,-0.31951093673706055,0.40796852111816406,0.4139856994152069,-0.17633195221424103,0.4976041615009308,0.5365723371505737,-0.4124487638473511,0.37695419788360596,0.42555832862854004,-0.3552382290363312,0.49120447039604187,0.5510880351066589,-0.45006150007247925,0.3699796795845032,0.4316070079803467,-0.3910311460494995,0.4861496090888977,0.5416479706764221,-0.45414161682128906,0.37361589074134827,0.4313555061817169,-0.4058011472225189,0.4869096875190735,0.5359005331993103,-0.415857195854187,0.3795340359210968,0.4308153986930847,-0.36722472310066223,0.46079739928245544,0.5567016005516052,-0.046639442443847656,0.4325863718986511,0.5410409569740295,0.04668315872550011,0.4195045530796051,0.6401250958442688,0.04323162883520126,0.40614399313926697,0.6243856549263,0.131380096077919,0.40979301929473877,0.7208657264709473,0.21274855732917786,0.39723557233810425,0.714413583278656,0.306228369474411,0.41167932748794556,0.7369999289512634,0.22576943039894104,0.4019321799278259,0.7340697646141052,0.32131633162498474,0.3760729134082794,0.7517903447151184,0.1575351506471634,0.36501044034957886,0.7246389389038086,0.26276278495788574
00000053.jpg,0.5236014127731323,0.23757290840148926,-0.1402456909418106,0.5280603766441345,0.22260701656341553,-0.1500764787197113,0.5306326150894165,0.22218257188796997,-0.15012411773204803,0.5335220694541931,0.22172293066978455,-0.15018127858638763,0.5232799053192139,0.22228452563285828,-0.1279357522726059,0.5222408771514893,0.22175225615501404,-0.1279410868883133,0.521186351776123,0.2212897539138794,-0.128018319606781,0.5458965301513672,0.2250138521194458,-0.14126631617546082,0.5303641557693481,0.22428545355796814,-0.03957771137356758,0.5291380286216736,0.2514510154724121,-0.1329677551984787,0.5240948796272278,0.251156747341156,-0.10370994359254837,0.5754356384277344,0.2749544084072113,-0.15331724286079407,0.5251346230506897,0.29168468713760376,0.05781423673033714,0.5801339745521545,0.3589799404144287,-0.2856205105781555,0.5102249979972839,0.39125606417655945,0.10404158383607864,0.5590482354164124,0.3467758297920227,-0.41984081268310547,0.48563867807388306,0.47295504808425903,0.025437170639634132,0.5533412098884583,0.3453850746154785,-0.4578755795955658,0.4820878207683563,0.4908161759376526,0.01314349565654993,0.5531670451164246,0.3302619755268097,-0.45918703079223633,0.4806290864944458,0.48739928007125854,-0.014316480606794357,0.5544400811195374,0.3337748050689697,-0.42328330874443054,0.4830072224140167,0.48226600885391235,0.011238974519073963,0.5665501952171326,0.4807118773460388,-0.07583914697170258,0.5371758937835693,0.486409455537796,0.07579968124628067,0.5395194292068481,0.6190106272697449,-0.16578558087348938,0.4999796748161316,0.608940064907074,-0.043011121451854706,0.5836564898490906,0.7643820643424988,-0.13357195258140564,0.5308094620704651,0.777573823928833,0.0006581465131603181,0.600321352481842,0.7913579940795898,-0.13310883939266205,0.543462336063385,0.8052940368652344,0.000718136434443295,0.560393750667572,0.8223361372947693,-0.20953771471977234,0.4892979562282562,0.8077067136764526,-0.06874150782823563
00000046.jpg,0.5663796663284302,0.34715181589126587,-0.05266161262989044,0.5684037804603577,0.3290201425552368,-0.0691019743680954,0.5700870156288147,0.32783791422843933,-0.0691729411482811,0.572113037109375,0.32647889852523804,-0.06924103945493698,0.5659525394439697,0.3291899263858795,-0.04025879129767418,0.565812349319458,0.32821157574653625,-0.04027038440108299,0.565826952457428,0.327113538980484,-0.040299657732248306,0.5856472849845886,0.322297602891922,-0.09956560283899307,0.5785424113273621,0.3232010006904602,0.03019832819700241,0.5742630362510681,0.3573809564113617,-0.06037892401218414,0.5709468722343445,0.35916364192962646,-0.023001691326498985,0.616597056388855,0.37197232246398926,-0.15645469725131989,0.5931771993637085,0.3771722912788391,0.12848609685897827,0.5913893580436707,0.46559643745422363,-0.22738395631313324,0.5988896489143372,0.43147456645965576,0.2765774130821228,0.5219284892082214,0.4511033296585083,-0.2019280046224594,0.5820030570030212,0.3858896493911743,0.3826558291912079,0.5080733895301819,0.4518524408340454,-0.22223830223083496,0.5792921185493469,0.3693488836288452,0.4026556611061096,0.5094175338745117,0.4385981857776642,-0.2166648507118225,0.5798324346542358,0.36361047625541687,0.3925962746143341,0.5153549313545227,0.4393903613090515,-0.1974189281463623,0.5808826684951782,0.3703625202178955,0.37993893027305603,0.6486194133758545,0.5813547968864441,-0.0854322612285614,0.6214586496353149,0.5960734486579895,0.08569584041833878,0.6082942485809326,0.6731376051902771,-0.2519723176956177,0.5489575266838074,0.6434100866317749,-0.082769013941288,0.6459419131278992,0.7345644235610962,-0.06955910474061966,0.5889053344726562,0.7915122509002686,-0.023286035284399986,0.6574543714523315,0.7398392558097839,-0.04871809482574463,0.6078235507011414,0.8136945962905884,-0.0195761825889349,0.6426247954368591,0.7777448892593384,-0.07059185951948166,0.5474886298179626,0.835658848285675,-0.06971289962530136
00000067.jpg,0.44830676913261414,0.411629855632782,-0.30145299434661865,0.4509739279747009,0.4012001156806946,-0.3090316951274872,0.4529294967651367,0.40065014362335205,-0.309011310338974,0.45497003197669983,0.3999316394329071,-0.3090935945510864,0.44732505083084106,0.3992732763290405,-0.2967004179954529,0.44676727056503296,0.3977157175540924,-0.2967741787433624,0.446198433637619,0.39611685276031494,-0.29680129885673523,0.46489182114601135,0.39562690258026123,-0.2757347822189331,0.45146438479423523,0.39132794737815857,-0.21879509091377258,0.4536477327346802,0.4198344349861145,-0.28260329365730286,0.4497527778148651,0.41730183362960815,-0.2663143277168274,0.49312180280685425,0.45228341221809387,-0.21162094175815582,0.4385220408439636,0.41331934928894043,-0.1491352915763855,0.5099373459815979,0.532398521900177,-0.21468684077262878,0.4015209972858429,0.44792622327804565,-0.2095630019903183,0.4896829426288605,0.601995587348938,-0.25007906556129456,0.37662383913993835,0.4577126204967499,-0.38218578696250916,0.4886002540588379,0.622451663017273,-0.27243486046791077,0.3703814446926117,0.46434974670410156,-0.4191323518753052,0.48038122057914734,0.6166301369667053,-0.2852850556373596,0.3767237663269043,0.4570516049861908,-0.43032822012901306,0.4799744188785553,0.6087912917137146,-0.2552947402000427,0.3810235261917114,0.46228548884391785,-0.3917841911315918,0.4553082287311554,0.5846495628356934,-0.029162518680095673,0.4261437654495239,0.5675313472747803,0.029096102342009544,0.4178111255168915,0.6699433326721191,0.041131164878606796,0.3987022638320923,0.64982008934021,0.07552073150873184,0.3897823393344879,0.7375134825706482,0.1994807869195938,0.38621920347213745,0.7188141942024231,0.24479244649410248,0.39104482531547546,0.7473524212837219,0.21224002540111542,0.38908058404922485,0.7351261973381042,0.2612171173095703,0.35940811038017273,0.7695606350898743,0.1479460448026657,0.36806735396385193,0.7407869100570679,0.20880383253097534
00000044.jpg,0.5886838436126709,0.3644397556781769,-0.028678983449935913,0.5918051600456238,0.3455522060394287,-0.04065515846014023,0.5943695902824402,0.3438859283924103,-0.04070121794939041,0.5972591042518616,0.3419366180896759,-0.0407717190682888,0.5874430537223816,0.3460308611392975,-0.012057206593453884,0.5866256356239319,0.3451247215270996,-0.0120584387332201,0.5859437584877014,0.3441244065761566,-0.012088228017091751,0.6107368469238281,0.33780035376548767,-0.05601596087217331,0.5973094701766968,0.34164905548095703,0.07400702685117722,0.5969334244728088,0.3748581111431122,-0.031028850004076958,0.5926311612129211,0.375733345746994,0.00626763142645359,0.6396402716636658,0.3762998580932617,-0.12195444852113724,0.6120296716690063,0.3892619013786316,0.15140625834465027,0.6155258417129517,0.4716491103172302,-0.19675254821777344,0.6131764650344849,0.42259442806243896,0.1833503395318985,0.545397162437439,0.4697315990924835,-0.14081446826457977,0.6096836924552917,0.35346803069114685,0.1693895012140274,0.5285899639129639,0.4741547703742981,-0.15826837718486786,0.6086442470550537,0.33127009868621826,0.1720343977212906,0.5296921730041504,0.4623700678348541,-0.14695324003696442,0.6093441247940063,0.3301578164100647,0.17042198777198792,0.5372680425643921,0.461333692073822,-0.13252878189086914,0.611522912979126,0.3398957848548889,0.16659612953662872,0.6789127588272095,0.5979520082473755,-0.08427036553621292,0.6470621824264526,0.6185187697410583,0.08443842828273773,0.6447671055793762,0.6781169772148132,-0.3308016359806061,0.5745149254798889,0.6577863693237305,-0.1361350268125534,0.6696001291275024,0.7968606352806091,-0.1994788944721222,0.6256275773048401,0.7973744869232178,-0.07682492583990097,0.6812538504600525,0.811639130115509,-0.185066357254982,0.6400838494300842,0.8145187497138977,-0.07238511741161346,0.6542117595672607,0.8469403982162476,-0.2379402369260788,0.5916294455528259,0.8396215438842773,-0.12371178716421127
00000052.jpg,0.526943027973175,0.2473483681678772,-0.12728381156921387,0.531054675579071,0.23152253031730652,-0.13289855420589447,0.5337499976158142,0.2308054268360138,-0.13295482099056244,0.5367012023925781,0.2300480306148529,-0.13299675285816193,0.5255689024925232,0.23192545771598816,-0.11227978765964508,0.5242061018943787,0.23156172037124634,-0.11227990686893463,0.5228248834609985,0.23127415776252747,-0.1123579740524292,0.5482324957847595,0.2320517599582672,-0.11139553040266037,0.5307081937789917,0.2337782382965088,-0.016532951965928078,0.5334430932998657,0.25957340002059937,-0.11609000712633133,0.5276607275009155,0.26092272996902466,-0.08882658928632736,0.5811237096786499,0.28466710448265076,-0.1181587427854538,0.53162682056427,0.3056272864341736,0.07702076435089111,0.5904310941696167,0.34837454557418823,-0.2766731083393097,0.5236554145812988,0.40995460748672485,0.12407735735177994,0.5680913329124451,0.2880508303642273,-0.42579174041748047,0.50513756275177,0.4852648079395294,0.04516375809907913,0.562633216381073,0.2722923457622528,-0.4639618694782257,0.4973829388618469,0.5063637495040894,0.03612862154841423,0.5641628503799438,0.2595159709453583,-0.45966747403144836,0.4971424341201782,0.5024769902229309,0.008578416891396046,0.5650330781936646,0.2677457630634308,-0.42800137400627136,0.5019937753677368,0.5003554224967957,0.0313865952193737,0.5771304965019226,0.4886951148509979,-0.07055561989545822,0.5449497103691101,0.4886951446533203,0.07053468376398087,0.5480712056159973,0.623982310295105,-0.20062974095344543,0.504267692565918,0.6080138087272644,-0.08423734456300735,0.5826721787452698,0.7592178583145142,-0.16029049456119537,0.5227673053741455,0.7703742980957031,-0.03090480901300907,0.5948909521102905,0.7789742946624756,-0.1595226377248764,0.5404165983200073,0.7981003522872925,-0.030268361791968346,0.5665102005004883,0.8116806745529175,-0.2453983575105667,0.48723718523979187,0.8162479400634766,-0.11170363426208496
00000068.jpg,0.4504936933517456,0.42650967836380005,-0.4049522578716278,0.4554761052131653,0.41234272718429565,-0.41471388936042786,0.45842838287353516,0.4114421308040619,-0.4146961569786072,0.46155014634132385,0.41050824522972107,-0.41480663418769836,0.44967734813690186,0.4120105504989624,-0.3988974392414093,0.44848325848579407,0.411184698343277,-0.3989783525466919,0.4472504258155823,0.4104921817779541,-0.39900943636894226,0.47029176354408264,0.4063074290752411,-0.37515729665756226,0.45004281401634216,0.4060271382331848,-0.300647109746933,0.457908034324646,0.43616825342178345,-0.3816155791282654,0.4501236081123352,0.43348655104637146,-0.3604593575000763,0.49674031138420105,0.45889967679977417,-0.29528290033340454,0.44053611159324646,0.41461825370788574,-0.17181149125099182,0.5049664974212646,0.5381925702095032,-0.2705226540565491,0.40953391790390015,0.4528232216835022,-0.12887093424797058,0.49056217074394226,0.6178826093673706,-0.30325356125831604,0.38085728883743286,0.471524178981781,-0.23615482449531555,0.4911281168460846,0.6344081163406372,-0.329682856798172,0.3720625340938568,0.4811345338821411,-0.25562986731529236,0.4843190610408783,0.6314940452575684,-0.34896811842918396,0.37272870540618896,0.483714759349823,-0.28877967596054077,0.48304298520088196,0.6245939135551453,-0.3112577497959137,0.37732210755348206,0.48197874426841736,-0.25234004855155945,0.46150726079940796,0.58380526304245,-0.056029193103313446,0.4355340600013733,0.5609471797943115,0.056274428963661194,0.4100615680217743,0.6771901845932007,-0.07896239310503006,0.4030272662639618,0.6448533535003662,0.1440691351890564,0.3638460040092468,0.7714409828186035,-0.006426632404327393,0.4095230996608734,0.7144145369529724,0.3146193325519562,0.36401134729385376,0.7887765169143677,-0.003581687342375517,0.4141090512275696,0.7357706427574158,0.32968559861183167,0.3232882618904114,0.7988303899765015,-0.10407625883817673,0.39145177602767944,0.7293825149536133,0.2684113681316376
00000037.jpg,0.6235265135765076,0.34265226125717163,-0.025165652856230736,0.6263061165809631,0.3281709551811218,-0.027566155418753624,0.6303808689117432,0.3252852261066437,-0.027604583650827408,0.634505569934845,0.32214492559432983,-0.02766428515315056,0.619277834892273,0.332417756319046,-0.007224193774163723,0.617712140083313,0.3331211805343628,-0.007202706299722195,0.6162980794906616,0.3337797224521637,-0.007209510542452335,0.6458889245986938,0.3180694580078125,-0.009845887310802937,0.6237911581993103,0.33166226744651794,0.0838770940899849,0.6338489651679993,0.3494929373264313,-0.016722461208701134,0.6254700422286987,0.35502612590789795,0.01009069848805666,0.6822167634963989,0.3468332290649414,-0.05037259683012962,0.6344190239906311,0.3974435031414032,0.14491954445838928,0.6860325336456299,0.4286682605743408,-0.1525699347257614,0.6368429660797119,0.4784907102584839,0.08476975560188293,0.6277253031730652,0.4693087339401245,-0.1993689388036728,0.6258010864257812,0.48239123821258545,-0.06324350833892822,0.613620936870575,0.4796207547187805,-0.22300109267234802,0.6202024817466736,0.4865071475505829,-0.08433578908443451,0.6118254065513611,0.47381314635276794,-0.21477602422237396,0.618590772151947,0.4773322641849518,-0.08730515092611313,0.6182323098182678,0.4689640402793884,-0.1943551003932953,0.6231561303138733,0.4764719009399414,-0.06989811360836029,0.7111478447914124,0.5491576194763184,-0.04731621593236923,0.6747722625732422,0.5701138973236084,0.04730743169784546,0.7060824036598206,0.6066304445266724,-0.23260430991649628,0.6249420046806335,0.6239631175994873,-0.1499139815568924,0.7240048050880432,0.6660433411598206,-0.047427091747522354,0.6741414666175842,0.7530257701873779,-0.07388652861118317,0.7404037117958069,0.6752198934555054,-0.0285227932035923,0.6880108714103699,0.7628164887428284,-0.06829967349767685,0.7416998147964478,0.7187075614929199,-0.07214094698429108,0.6541049480438232,0.8115270137786865,-0.13371719419956207
00000060.jpg,0.4682534635066986,0.28360918164253235,-0.23562389612197876,0.4731907546520233,0.27147597074508667,-0.24072867631912231,0.4754994511604309,0.271745502948761,-0.2407703697681427,0.4779651463031769,0.2719501554965973,-0.24086259305477142,0.46884849667549133,0.2699480950832367,-0.22246681153774261,0.46797698736190796,0.2692139744758606,-0.22246983647346497,0.46712198853492737,0.2685101628303528,-0.2224799543619156,0.48782607913017273,0.2765859067440033,-0.20956341922283173,0.4740530848503113,0.270925909280777,-0.12356342375278473,0.47315356135368347,0.2961171865463257,-0.21995463967323303,0.46837013959884644,0.2939400374889374,-0.19515939056873322,0.5117653608322144,0.3420247435569763,-0.18978014588356018,0.4590813219547272,0.32765233516693115,-0.01881279982626438,0.5428305864334106,0.4236171245574951,-0.31043368577957153,0.42396974563598633,0.3813585340976715,0.007684740703552961,0.5206339955329895,0.41997671127319336,-0.45920631289482117,0.3822970390319824,0.40619075298309326,-0.09269923716783524,0.5148501396179199,0.4209819734096527,-0.49808403849601746,0.37139463424682617,0.41551926732063293,-0.10963832587003708,0.5104131698608398,0.40675705671310425,-0.49443677067756653,0.3724086582660675,0.4125494360923767,-0.13285180926322937,0.5108740329742432,0.40876254439353943,-0.4600497782230377,0.37661731243133545,0.41089165210723877,-0.10595882683992386,0.48506250977516174,0.5092855095863342,-0.06458833068609238,0.4539126753807068,0.5001022815704346,0.0645877793431282,0.4451404809951782,0.6231976747512817,-0.11443927884101868,0.4247126877307892,0.6187626123428345,0.017522355541586876,0.46273165941238403,0.7316210865974426,0.0018723661778494716,0.43469613790512085,0.7234392762184143,0.15171681344509125,0.4677293002605438,0.7499270439147949,0.00995928980410099,0.4428784251213074,0.7473217844963074,0.16081103682518005,0.42757606506347656,0.7644309401512146,-0.07076308876276016,0.4084252119064331,0.7566649913787842,0.09046822041273117
00000033.jpg,0.6530516743659973,0.3383955955505371,-0.3414967358112335,0.6558691263198853,0.32191139459609985,-0.3463971018791199,0.6595731973648071,0.3203847110271454,-0.34644603729248047,0.6637257933616638,0.31847378611564636,-0.34654560685157776,0.6485755443572998,0.3238478899002075,-0.32899367809295654,0.6467586159706116,0.32410767674446106,-0.32900533080101013,0.6450691223144531,0.32453158497810364,-0.3290822207927704,0.6744385361671448,0.3136831521987915,-0.30637502670288086,0.6509281396865845,0.32331767678260803,-0.22543197870254517,0.6621294617652893,0.34941554069519043,-0.3217266798019409,0.6536617279052734,0.35224586725234985,-0.2983749508857727,0.7209565043449402,0.3429758548736572,-0.2798246443271637,0.6532114744186401,0.40652480721473694,-0.11621426045894623,0.7280424237251282,0.4371727705001831,-0.40467923879623413,0.6468963623046875,0.512377917766571,-0.10862927883863449,0.6760879755020142,0.4675304889678955,-0.5487579703330994,0.6256426572799683,0.5916322469711304,-0.21408218145370483,0.6637606024742126,0.4779510498046875,-0.5935119986534119,0.619087815284729,0.6087598204612732,-0.23905625939369202,0.6585092544555664,0.458096981048584,-0.5875599384307861,0.6194795370101929,0.6058157086372375,-0.2620227336883545,0.6626840829849243,0.45814692974090576,-0.5492762923240662,0.625376284122467,0.6077341437339783,-0.2272695153951645,0.750603437423706,0.5349833965301514,-0.05027693137526512,0.7056041359901428,0.5532165169715881,0.0502648688852787,0.7606731653213501,0.6733121871948242,-0.15453073382377625,0.6595163941383362,0.6155737638473511,-0.21429543197155,0.8135061860084534,0.722221314907074,0.07412250339984894,0.7087138891220093,0.7354271411895752,-0.025979729369282722,0.8227506279945374,0.724210262298584,0.09383857250213623,0.7233306169509888,0.7488000392913818,-0.009684041142463684,0.8240415453910828,0.771205484867096,0.01619133912026882,0.7018839716911316,0.7988684177398682,-0.08820595592260361
00000038.jpg,0.6201204061508179,0.3506711423397064,0.03761539235711098,0.6232956647872925,0.33339545130729675,0.034186337143182755,0.6267618536949158,0.3313104212284088,0.034139689058065414,0.6305567026138306,0.3288852572441101,0.03405936062335968,0.6168018579483032,0.33560314774513245,0.05728037282824516,0.6152576208114624,0.3355686366558075,0.057293739169836044,0.6138079166412354,0.3356075882911682,0.057303234934806824,0.6428802609443665,0.32448065280914307,0.043727125972509384,0.6217287182807922,0.3362952172756195,0.14947636425495148,0.6299288272857666,0.3604432940483093,0.04308217763900757,0.6226354837417603,0.3641807734966278,0.07321003079414368,0.6789676547050476,0.35427355766296387,-0.01852348819375038,0.6374363303184509,0.3991267681121826,0.20676566660404205,0.6630717515945435,0.4485020637512207,-0.09851215034723282,0.6509454250335693,0.4555974006652832,0.17673572897911072,0.6023963689804077,0.47591671347618103,-0.06767629832029343,0.6517471075057983,0.39246559143066406,0.1194227933883667,0.5830420255661011,0.49015021324157715,-0.08078846335411072,0.6519506573677063,0.3742583394050598,0.11309034377336502,0.5836395025253296,0.4822973608970642,-0.0704091340303421,0.6495240926742554,0.37039947509765625,0.12031549960374832,0.5910817980766296,0.47854122519493103,-0.05970040336251259,0.6517209410667419,0.3772233724594116,0.11894004046916962,0.7150302529335022,0.5732129216194153,-0.054860297590494156,0.670962929725647,0.5996507406234741,0.05494948849081993,0.7050825357437134,0.6670746207237244,-0.3526492714881897,0.6230637431144714,0.6333332657814026,-0.18966259062290192,0.7526509165763855,0.770438551902771,-0.26089194416999817,0.6789526343345642,0.7425761222839355,-0.11847694963216782,0.7625665664672852,0.7812726497650146,-0.25222697854042053,0.6961397528648376,0.7546039819717407,-0.11272390931844711,0.7519514560699463,0.830016016960144,-0.33086469769477844,0.6723953485488892,0.8114195466041565,-0.18042047321796417
00000061.jpg,0.4615791141986847,0.3024823069572449,-0.24160699546337128,0.4670855700969696,0.29089343547821045,-0.24889619648456573,0.4693058431148529,0.2910243272781372,-0.24893976747989655,0.47186341881752014,0.2911558151245117,-0.24905052781105042,0.4622221887111664,0.2895270586013794,-0.23076003789901733,0.461135596036911,0.2887096107006073,-0.23078902065753937,0.46001121401786804,0.28795289993286133,-0.23080094158649445,0.48205244541168213,0.2952141761779785,-0.224124014377594,0.4648500382900238,0.29088640213012695,-0.14001120626926422,0.4661315381526947,0.3160930275917053,-0.2279016077518463,0.46062755584716797,0.3148030638694763,-0.20358231663703918,0.5066623091697693,0.3551761209964752,-0.20568032562732697,0.4509660005569458,0.3419557213783264,-0.044096533209085464,0.5355243682861328,0.4341370463371277,-0.29906150698661804,0.4150848090648651,0.38844382762908936,-0.06834234297275543,0.5141590237617493,0.46828827261924744,-0.4093354046344757,0.3755587339401245,0.408639132976532,-0.22967909276485443,0.5070093870162964,0.48816725611686707,-0.44685062766075134,0.3655838668346405,0.4166301488876343,-0.2580440640449524,0.5016058683395386,0.47148311138153076,-0.4489832818508148,0.366636723279953,0.4149729609489441,-0.27755919098854065,0.5029587745666504,0.4664817154407501,-0.41169923543930054,0.37008973956108093,0.4140782952308655,-0.24347899854183197,0.47946491837501526,0.5181310772895813,-0.05786323547363281,0.4473651647567749,0.5094638466835022,0.05786601081490517,0.436178058385849,0.6279371976852417,-0.050448302179574966,0.4160401225090027,0.6199002265930176,0.03279098495841026,0.44832512736320496,0.7223976254463196,0.09164533019065857,0.42048171162605286,0.7243675589561462,0.1754431426525116,0.45419251918792725,0.7339943647384644,0.10287758708000183,0.4280799627304077,0.7419983148574829,0.18647605180740356,0.42161884903907776,0.7598744630813599,0.03752611204981804,0.39778614044189453,0.7601757049560547,0.1243344396352768
00000036.jpg,0.6271474361419678,0.3431170880794525,-0.09608718007802963,0.6291837096214294,0.32777148485183716,-0.10671096295118332,0.6323078870773315,0.3253636062145233,-0.1067344918847084,0.6358386278152466,0.3224378228187561,-0.1068112924695015,0.623478889465332,0.33034273982048035,-0.08292131870985031,0.62221759557724,0.33018526434898376,-0.08291005343198776,0.6210530400276184,0.33002251386642456,-0.08295204490423203,0.6497810482978821,0.3150768578052521,-0.10535775870084763,0.6312524080276489,0.32455503940582275,0.0027217690367251635,0.6375190615653992,0.3509673476219177,-0.09197290241718292,0.6305425763130188,0.3539397716522217,-0.060949478298425674,0.6931113600730896,0.34619277715682983,-0.1334446519613266,0.6441269516944885,0.3794477880001068,0.08893083035945892,0.6882382035255432,0.4673827290534973,-0.17448920011520386,0.6533753275871277,0.46997326612472534,0.07132626324892044,0.6280307173728943,0.48620396852493286,-0.16904659569263458,0.6454024910926819,0.4644398093223572,-0.04857376590371132,0.6142341494560242,0.49745064973831177,-0.18835176527500153,0.6426903009414673,0.4662467837333679,-0.0622631274163723,0.612832248210907,0.47787538170814514,-0.1822117418050766,0.6388494968414307,0.4574224054813385,-0.06989602744579315,0.6184318661689758,0.47532835602760315,-0.16382195055484772,0.6422590017318726,0.45673611760139465,-0.05584827437996864,0.721276044845581,0.552614152431488,-0.059597354382276535,0.6833959221839905,0.5594606399536133,0.05964190140366554,0.692206084728241,0.6252592206001282,-0.2352386862039566,0.6242969036102295,0.6081057190895081,-0.15859569609165192,0.7304356098175049,0.7198745012283325,-0.07719601690769196,0.6795617938041687,0.7530426383018494,-0.074894018471241,0.7408876419067383,0.7272107601165771,-0.060365572571754456,0.6980888247489929,0.764552652835846,-0.06685611605644226,0.7306060791015625,0.7796079516410828,-0.10721618682146072,0.674077033996582,0.8308058381080627,-0.12591823935508728
00000071.jpg,0.45870959758758545,0.45783188939094543,-0.39156848192214966,0.46201005578041077,0.4478478729724884,-0.4029260575771332,0.46444952487945557,0.447604775428772,-0.40285244584083557,0.46663910150527954,0.44677314162254333,-0.4029536247253418,0.4564577341079712,0.44536513090133667,-0.3985404670238495,0.4552325904369354,0.44375866651535034,-0.39858588576316833,0.4541412889957428,0.4424877464771271,-0.39855632185935974,0.4718700051307678,0.44006866216659546,-0.3716500997543335,0.4561218023300171,0.43694040179252625,-0.34867218136787415,0.4655330777168274,0.46044865250587463,-0.37102940678596497,0.4590538740158081,0.45835602283477783,-0.36465319991111755,0.5011293888092041,0.4790283143520355,-0.2596624195575714,0.4446052312850952,0.433813214302063,-0.24492360651493073,0.5089093446731567,0.5516453981399536,-0.16142572462558746,0.4171944260597229,0.4752427935600281,-0.10242354869842529,0.5039839744567871,0.6087669730186462,-0.1054786667227745,0.39158666133880615,0.5197193622589111,-0.011880009435117245,0.5042386651039124,0.6213552951812744,-0.10010809451341629,0.3868519067764282,0.5282405614852905,0.0019982336089015007,0.5091117024421692,0.6212455034255981,-0.11529948562383652,0.3887679874897003,0.5300270915031433,-0.017696255818009377,0.4993690848350525,0.6198476552963257,-0.10922816395759583,0.3915215730667114,0.5274034142494202,-0.015293975360691547,0.4692932963371277,0.5577804446220398,-0.0138015141710639,0.4414140582084656,0.5396214127540588,0.013959333300590515,0.4336690306663513,0.6621277332305908,-0.012472093105316162,0.40866848826408386,0.6467580795288086,0.006817873101681471,0.39743977785110474,0.7694497108459473,0.07398436963558197,0.3781195878982544,0.7567524909973145,0.1130761057138443,0.3942486643791199,0.7797192335128784,0.077931247651577,0.37954530119895935,0.7712132334709167,0.11963029950857162,0.3804253041744232,0.8004262447357178,-0.007260772865265608,0.3639596998691559,0.7874208092689514,0.04187557473778725
00000073.jpg,0.4600609540939331,0.447357714176178,-0.34759798645973206,0.4621054530143738,0.4374659061431885,-0.3541073799133301,0.463996946811676,0.4365158677101135,-0.3540506362915039,0.4659181535243988,0.4354746341705322,-0.3541116714477539,0.4586781859397888,0.43829506635665894,-0.3443646728992462,0.45801296830177307,0.43805527687072754,-0.3444504737854004,0.4573901891708374,0.4378090500831604,-0.3444770872592926,0.47354990243911743,0.4314613938331604,-0.31475311517715454,0.4621567726135254,0.43430227041244507,-0.2699922025203705,0.46544119715690613,0.4531659185886383,-0.32701507210731506,0.4613415002822876,0.45329153537750244,-0.314125657081604,0.5035490989685059,0.4663771092891693,-0.2270646095275879,0.4480677843093872,0.45022904872894287,-0.19521331787109375,0.5182601809501648,0.5287132263183594,-0.1971493512392044,0.4229363799095154,0.4911405146121979,-0.23134666681289673,0.5179235339164734,0.5981956124305725,-0.2051413655281067,0.40670719742774963,0.5314372777938843,-0.3585040271282196,0.5187683701515198,0.6161544322967529,-0.2153959572315216,0.4037407338619232,0.5446385741233826,-0.3833089768886566,0.5131514072418213,0.6159676313400269,-0.2304939329624176,0.4069705903530121,0.5434339642524719,-0.39775505661964417,0.5124368667602539,0.609722912311554,-0.21004876494407654,0.4091781973838806,0.54008549451828,-0.3670353591442108,0.47257083654403687,0.5804432034492493,-0.010261924006044865,0.44528305530548096,0.5669300556182861,0.010258261114358902,0.44647952914237976,0.6550330519676208,-0.09522517025470734,0.41907310485839844,0.6357173323631287,-0.026649026200175285,0.41816720366477966,0.7516533732414246,-0.005748320836573839,0.38903266191482544,0.7132232785224915,0.07276890426874161,0.4141063094139099,0.7709933519363403,-0.0014159689890220761,0.3870106041431427,0.7297436594963074,0.07897291332483292,0.41219010949134827,0.7854015231132507,-0.0826760083436966,0.37434953451156616,0.741982102394104,0.005213628988713026
00000051.jpg,0.5283938646316528,0.25550466775894165,-0.012515551410615444,0.5334299802780151,0.23963563144207,-0.016109038144350052,0.5363584756851196,0.23939280211925507,-0.0161519106477499,0.5395330190658569,0.2390589416027069,-0.01621139608323574,0.5275017619132996,0.23940986394882202,0.006298838648945093,0.5262032151222229,0.23911245167255402,0.006328835617750883,0.5249195098876953,0.2389817088842392,0.006294469349086285,0.5518229603767395,0.2424929291009903,0.00847818423062563,0.5341084003448486,0.24394313991069794,0.11065007001161575,0.5363529920578003,0.2707649767398834,-0.0006435747491195798,0.5305033922195435,0.27204039692878723,0.028363851830363274,0.582695722579956,0.2825137972831726,-0.01599411852657795,0.5405510067939758,0.310916006565094,0.18744929134845734,0.5793852210044861,0.35323333740234375,-0.1401558816432953,0.5400446057319641,0.40095704793930054,0.1562073826789856,0.5606103539466858,0.3017144203186035,-0.2035386562347412,0.5398710370063782,0.4372473359107971,0.01791401393711567,0.5566592812538147,0.29068922996520996,-0.22915227711200714,0.536614716053009,0.45377790927886963,0.0014874801272526383,0.5588172078132629,0.2639385163784027,-0.22960706055164337,0.5400081872940063,0.4446583390235901,-0.008806620724499226,0.5574773550033569,0.27888837456703186,-0.20420517027378082,0.5425668358802795,0.4388260543346405,0.009363618679344654,0.5869739651679993,0.49488362669944763,-0.07037679851055145,0.5515705943107605,0.49859699606895447,0.07038918882608414,0.5552836060523987,0.6217267513275146,-0.2799464166164398,0.5027421712875366,0.6055730581283569,-0.11968521028757095,0.5884940028190613,0.7609143853187561,-0.29240888357162476,0.5345150232315063,0.7768465280532837,-0.11758435517549515,0.6003538966178894,0.7860069274902344,-0.2972787618637085,0.5490643978118896,0.807038426399231,-0.12288513034582138,0.5653501152992249,0.8183860778808594,-0.3908860385417938,0.4936380088329315,0.8165560960769653,-0.20754913985729218
